{
  "version": 1,
  "author": "Uri Shaked",
  "editor": "wokwi",
  "parts": [
    { "type": "board-esp32-devkit-c-v4", "id": "esp", "top": -19.2, "left": -4.76, "attrs": {} },
    { "type": "wokwi-dht22", "id": "dht1", "top": 29.1, "left": 215.4, "attrs": {} },
    { "type": "wokwi-relay-module", "id": "relay1", "top": -115, "left": -19.2, "attrs": {} },
    { "type": "wokwi-led", "id": "led1", "top": 15.6, "left": -121, "attrs": { "color": "red" } },
    {
      "type": "wokwi-led",
      "id": "led2",
      "top": 73.2,
      "left": -149.8,
      "attrs": { "color": "yellow" }
    },
    {
      "type": "wokwi-led",
      "id": "led3",
      "top": 140.4,
      "left": -188.2,
      "attrs": { "color": "green" }
    },
    {
      "type": "wokwi-buzzer",
      "id": "bz1",
      "top": -122.4,
      "left": 213,
      "attrs": { "volume": "0.1" }
    }
  ],
  "connections": [
    [ "esp:TX", "$serialMonitor:RX", "", [] ],
    [ "esp:RX", "$serialMonitor:TX", "", [] ],
    [ "esp:5", "led3:A", "green", [ "h28.8", "v124.8", "h-259.2" ] ],
    [ "led2:A", "esp:4", "green", [ "v96", "h240", "v-86.4" ] ],
    [ "led1:A", "esp:12", "green", [ "v38.4", "h105.6", "v48" ] ],
    [ "esp:14", "relay1:IN", "green", [ "h-47.85", "v-191.8" ] ],
    [ "led2:C", "esp:GND.1", "green", [ "v0" ] ],
    [ "led3:C", "esp:GND.1", "green", [ "h0.4", "v57.6", "h124.8", "v-105.6" ] ],
    [ "led1:C", "esp:GND.1", "green", [ "v0" ] ],
    [ "relay1:GND", "esp:GND.2", "black", [ "v57.2", "h115.2" ] ],
    [ "relay1:VCC", "esp:3V3", "red", [ "v57.6", "h19.05" ] ],
    [ "bz1:1", "esp:GND.2", "green", [ "v0" ] ],
    [ "bz1:2", "esp:27", "green", [ "h-288.4", "v144" ] ],
    [ "dht1:VCC", "esp:3V3", "red", [ "h-67.2", "v-153.6", "h-163.35" ] ],
    [ "dht1:SDA", "esp:15", "green", [ "v0" ] ],
    [ "dht1:GND", "esp:GND.2", "black", [ "h-115.2", "v-134.4" ] ]
  ],
  "dependencies": {}
}